month,state,targeted_accounts,paying_accounts,cash,principal,yield
2026-01,Delhi,566,20,1367465.89,239404232.49,0.005711953693454936
2026-01,Haryana,517,21,1519788.24,203580530.78,0.007465292649434952
2026-01,Karnataka,464,28,2269002.9,192276396.31,0.01180073552211667
2026-01,Maharashtra,1049,67,5469285.48,426228053.92,0.012831828946262993
2026-01,Odisha,520,26,2112753.29,214471281.66,0.009850984587061566
2026-01,Rajasthan,490,37,3219681.2800000003,206308111.29,0.015606178835471033
2026-01,Tamil Nadu,492,21,1818543.86,186808441.23,0.009734805601000625
2026-01,Telangana,532,41,3176615.39,213032747.18,0.014911394759961241
2026-01,West Bengal,549,35,2251451.64,211182101.38,0.010661185892590156
2026-01,,553,26,1552706.08,217201830.02,0.007148678626957362
2026-02,Delhi,528,28,2455894.2199999997,212401899.63,0.011562487078873212
2026-02,Haryana,430,19,1125796.99,172576097.39,0.0065234815656761685
2026-02,Karnataka,379,17,1088260.3800000001,155464415.44,0.007000060926611234
2026-02,Maharashtra,961,50,3902645.93,387925613.91,0.010060294525706226
2026-02,Odisha,527,20,1551213.78,211616401.59,0.0073303097885835285
2026-02,Rajasthan,459,31,2046625.99,189998671.45,0.010771791057173732
2026-02,Tamil Nadu,474,24,1399707.47,190573306.21,0.007344719456446901
2026-02,Telangana,484,29,2781881.39,195627482.69,0.014220299478107035
2026-02,West Bengal,453,19,1697194.96,176397278.09,0.009621435083222036
2026-02,,465,25,2205569.2399999998,199640526.71,0.011047702970669045
2026-03,Delhi,537,40,3377820.29,216257603.78,0.01561942900947092
2026-03,Haryana,504,34,2749078.71,202421031.97,0.013580993453325689
2026-03,Karnataka,497,26,2062036.98,199721484.42,0.010324562657784397
2026-03,Maharashtra,984,59,4650130.79,409161085.8,0.011365036782293142
2026-03,Odisha,534,28,2213653.18,216236632.1,0.010237179327581657
2026-03,Rajasthan,488,31,2377677.05,201223155.99,0.011816120457419726
2026-03,Tamil Nadu,497,24,1789872.27,201968094.65,0.00886215356490714
2026-03,Telangana,583,33,2923242.81,234998718.60999998,0.012439398934984688
2026-03,West Bengal,509,33,3063376.63,200146159.64,0.015305697773617297
2026-03,,533,33,2701676.65,221639140.69,0.012189528625626436
2026-04,Delhi,530,33,2666284.43,205504040.06,0.012974365025726688
2026-04,Haryana,497,21,1571353.04,196121818.32,0.00801212763302102
2026-04,Karnataka,476,25,1643516.77,188019842.45,0.008741187890512458
2026-04,Maharashtra,1000,57,4276123.07,404003767.58,0.010584364338021306
2026-04,Odisha,545,32,2463210.9,219024167.46,0.011246297285663016
2026-04,Rajasthan,487,30,2747285.48,198674330.03,0.013828084783701837
2026-04,Tamil Nadu,494,27,1697257.72,191685852.5,0.008854371346993383
2026-04,Telangana,509,24,1628623.34,193161458.46,0.008431409417719096
2026-04,West Bengal,473,26,2056050.23,188547828.37,0.010904661420789611
2026-04,,574,32,2333777.45,230893504.28,0.010107592490648305
2026-05,Delhi,570,28,2151716.43,221413527.38,0.009718089294097764
2026-05,Haryana,494,31,2917562.9,195654840.57,0.014911784914190125
2026-05,Karnataka,506,26,2212056.18,208167303.42,0.01062633825609461
2026-05,Maharashtra,1047,52,3212482.66,421480626.24,0.007621898754062172
2026-05,Odisha,549,33,2513725.25,225391987.48,0.01115268239170682
2026-05,Rajasthan,509,25,2199979.3,207075254.74,0.010624056953411717
2026-05,Tamil Nadu,506,39,2873075.84,201060121.76,0.014289635432676761
2026-05,Telangana,581,22,1208955.28,233411833.58,0.005179494378915628
2026-05,West Bengal,483,31,1948469.95,201583563.5,0.009665817570488578
2026-05,,555,36,2999986.07,223226917.99,0.013439177035694196
2026-06,Delhi,502,31,2756266.65,207991496.14000002,0.013251823757951836
2026-06,Haryana,467,25,1976488.9200000002,191258172.82,0.010334140972161988
2026-06,Karnataka,473,25,1915309.18,191967435.54,0.009977260854750073
2026-06,Maharashtra,955,45,3662886.39,383158374.87,0.009559718983678129
2026-06,Odisha,489,38,3072573.08,205817672.88,0.014928616367125258
2026-06,Rajasthan,497,24,1948177.6300000001,205538454.48,0.00947840945349508
2026-06,Tamil Nadu,502,32,2416717.3,190202617.67,0.012706014930840673
2026-06,Telangana,540,37,2331103.32,210586105.95,0.01106959696834643
2026-06,West Bengal,535,23,1436220.44,207963765.49,0.00690610903594675
2026-06,,575,29,2289740.63,238689857.45,0.009592953192322584
2026-07,Delhi,520,26,1895117.35,208529192.68,0.009088019406990973
2026-07,Haryana,491,35,2671386.02,195952954.93,0.013632792733104205
2026-07,Karnataka,491,32,2723492.92,192335544.78,0.014160112334489315
2026-07,Maharashtra,985,55,4570247.72,402052551.01,0.011367289446414498
2026-07,Odisha,518,25,1996597.49,216354918.68,0.009228343419143938
2026-07,Rajasthan,533,34,2127555.8,218358785.31,0.009743394555797457
2026-07,Tamil Nadu,517,29,2382200.79,201630394.15,0.011814690935076963
2026-07,Telangana,514,26,2036764.93,210320869.4,0.009684083827774439
2026-07,West Bengal,510,40,3113648.08,198872722.43,0.015656486429887106
2026-07,,587,46,3580519.55,229257521.92,0.015617893450184947
2026-08,Delhi,156,0,0.0,74490164.65,0.0
2026-08,Haryana,132,3,203959.13999999998,49501185.08,0.004120288022809494
2026-08,Karnataka,133,0,0.0,51433327.47,0.0
2026-08,Maharashtra,251,3,63507.92,96765012.77,0.0006563107695851958
2026-08,Odisha,155,2,175760.9,60649196.24,0.002897992238915778
2026-08,Rajasthan,141,1,70339.52,53455912.79,0.0013158417157018115
2026-08,Tamil Nadu,158,0,0.0,65205848.6,0.0
2026-08,Telangana,138,0,0.0,51835921.19,0.0
2026-08,West Bengal,150,3,202564.98,60983083.63,0.003321658531225047
2026-08,,152,6,544097.31,62552930.26,0.008698190600160065
